{
  "ShowSendToMenu": true,
  "ShowOpenInNewWindow": true,
  "AppThemeSidebarBackgroundColor": "",
  "ShowGitLastCommitDateColumn": false,
  "ShowOpenInNewPane": true,
  "DateTimeFormat": 0,
  "NameColumnWidth": 240,
  "AppThemeBackgroundImageHorizontalAlignment": 1,
  "GitStatusColumnWidth": 80,
  "OpenItemsWithOneClick": false,
  "UserId": "7754c665-6d51-4398-96ca-1dec1009abd8",
  "FileTagsWidgetExpanded": true,
  "AppThemeBackgroundColor": "#00000000",
  "IsDriveSectionExpanded": false,
  "SelectFilesOnHover": true,
  "GitCommitAuthorColumnWidth": 140,
  "AppThemeFontFamily": "Segoe UI Variable",
  "AppThemeToolbarBackgroundColor": "",
  "ScrollToPreviousFolderWhenNavigatingUp": true,
  "ShowCreateFolderWithSelection": true,
  "DetailsViewSize": 2,
  "ShowCopyPath": true,
  "ShowNetworkLocationsWidget": false,
  "DoubleClickToGoUp": true,
  "NetworkLocationsWidgetExpanded": true,
  "DefaultSortDirectoriesAlongsideFiles": false,
  "ShowQuickAccessWidget": true,
  "IsPinnedSectionExpanded": true,
  "ShowDateColumn": true,
  "ShowCreateShortcut": true,
  "IsSidebarOpen": true,
  "GridViewSize": 8,
  "RestoreTabsOnStartup": false,
  "AppThemeAddressBarBackgroundColor": "",
  "AppThemeBackgroundImageFit": 3,
  "ShowPinnedSection": true,
  "ShowGitLastCommitShaColumn": false,
  "IsInfoPaneEnabled": false,
  "ShowFileExtensionWarning": false,
  "DefaultDirectorySortDirection": 0,
  "ShowGitLastCommitMessageColumn": false,
  "ColumnLayoutOpenFoldersWithOneClick": true,
  "AppThemeInfoPaneBackgroundColor": "",
  "AlwaysOpenDualPaneInNewTab": false,
  "ShowSyncStatusColumn": true,
  "DefaultLayoutMode": 5,
  "GitLastCommitMessageColumnWidth": 140,
  "ContinueLastSessionOnStartUp": true,
  "TypeColumnWidth": 140,
  "ShowStatusCenterTeachingTip": false,
  "ShowCheckboxesWhenSelectingItems": true,
  "ShowGitStatusColumn": false,
  "ShowOpenInNewTab": true,
  "ShowDrivesSection": true,
  "ShowSizeColumn": true,
  "ShowFileExtensions": true,
  "SyncStatusColumnWidth": 50,
  "MoveShellExtensionsToSubMenu": true,
  "ShowSystemTrayIcon": false,
  "SidebarWidth": 255,
  "ShowTypeColumn": true,
  "GitLastCommitDateColumnWidth": 140,
  "IsNetworkSectionExpanded": false,
  "DateModifiedColumnWidth": 200,
  "VerticalSizePx": 408,
  "ShowProtectedSystemFiles": true,
  "ShowThumbnails": true,
  "ShowGitCommitAuthorColumn": false,
  "ListViewSize": 2,
  "OpenSpecificPageOnStartup": false,
  "ShowHiddenItems": true,
  "ShowFileTagsWidget": false,
  "ShowDateDeletedColumn": true,
  "AreAlternateStreamsVisible": false,
  "LeaveAppRunning": true,
  "ShowTabActions": true,
  "ShowDotFiles": true,
  "AppThemeFileAreaSecondaryBackgroundColor": "",
  "RecentFilesWidgetExpanded": false,
  "ShowRecentFilesWidget": false,
  "ShowDateCreatedColumn": false,
  "OpenNewTabOnStartup": false,
  "ShowFileTagColumn": false,
  "DateCreatedColumnWidth": 200,
  "ShowPathColumn": true,
  "ShowBackgroundRunningNotification": false,
  "DeleteConfirmationPolicy": 1,
  "DrivesWidgetExpanded": true,
  "TabsOnStartupList": null,
  "SizeColumnWidth": 100,
  "ShowFileTagsSection": true,
  "OpenFoldersInNewTab": false,
  "AppThemeBackgroundImageSource": "",
  "ShowNetworkSection": true,
  "OpenInIDEOption": 0,
  "SyncFolderPreferencesAcrossDirectories": false,
  "IsFileTagsSectionExpanded": false,
  "AppThemeBackdropMaterial": 2,
  "CalculateFolderSizes": false,
  "ShowHomeButton": false,
  "DefaultSortOption": 0,
  "ColumnsViewSize": 2,
  "ShowOriginalPathColumn": true,
  "ShowCloudDrivesSection": true,
  "ShowWslSection": true,
  "ShowLibrarySection": false,
  "PathColumnWidth": 200,
  "ShowCreateAlternateDataStream": false,
  "DateDeletedColumnWidth": 200,
  "DefaultGroupByDateUnit": 0,
  "FoldersWidgetExpanded": false,
  "GitLastCommitShaColumnWidth": 80,
  "DefaultGroupOption": 5,
  "OriginalPathColumnWidth": 200,
  "ActionsV2": [
    {
      "CommandCode": "DeleteItem",
      "CommandParameter": "",
      "KeyBinding": "Delete"
    },
    {
      "CommandCode": "DeleteItemPermanently",
      "CommandParameter": "",
      "KeyBinding": ""
    },
    {
      "CommandCode": "OpenHelp",
      "CommandParameter": "",
      "KeyBinding": ""
    },
    {
      "CommandCode": "ToggleCompactOverlay",
      "CommandParameter": "",
      "KeyBinding": "F1"
    },
    {
      "CommandCode": "ExitCompactOverlay",
      "CommandParameter": "",
      "KeyBinding": ""
    },
    {
      "CommandCode": "EnterCompactOverlay",
      "CommandParameter": "",
      "KeyBinding": ""
    },
    {
      "CommandCode": "EditPath",
      "CommandParameter": "",
      "KeyBinding": "Ctrl\u002BL"
    },
    {
      "CommandCode": "Redo",
      "CommandParameter": "",
      "KeyBinding": "Ctrl\u002BY"
    },
    {
      "CommandCode": "Redo",
      "CommandParameter": "",
      "KeyBinding": "Ctrl\u002BShift\u002BZ"
    },
    {
      "CommandCode": "Redo",
      "CommandParameter": "",
      "KeyBinding": "Ctrl\u002BY"
    },
    {
      "CommandCode": "TogglePreviewPane",
      "CommandParameter": "",
      "KeyBinding": ""
    },
    {
      "CommandCode": "ToggleDetailsPane",
      "CommandParameter": "",
      "KeyBinding": ""
    },
    {
      "CommandCode": "ToggleInfoPane",
      "CommandParameter": "",
      "KeyBinding": ""
    },
    {
      "CommandCode": "ToggleToolbar",
      "CommandParameter": "",
      "KeyBinding": ""
    },
    {
      "CommandCode": "PasteItemToSelection",
      "CommandParameter": "",
      "KeyBinding": ""
    },
    {
      "CommandCode": "ToggleSelect",
      "CommandParameter": "",
      "KeyBinding": ""
    },
    {
      "CommandCode": "DecompressArchive",
      "CommandParameter": "",
      "KeyBinding": ""
    },
    {
      "CommandCode": "DecompressArchiveHereSmart",
      "CommandParameter": "",
      "KeyBinding": "Ctrl\u002BE"
    },
    {
      "CommandCode": "OpenClassicProperties",
      "CommandParameter": "",
      "KeyBinding": ""
    },
    {
      "CommandCode": "OpenTerminal",
      "CommandParameter": "",
      "KeyBinding": ""
    },
    {
      "CommandCode": "OpenTerminalAsAdmin",
      "CommandParameter": "",
      "KeyBinding": ""
    },
    {
      "CommandCode": "OpenCommandPalette",
      "CommandParameter": "",
      "KeyBinding": ""
    },
    {
      "CommandCode": "LayoutDetails",
      "CommandParameter": "",
      "KeyBinding": ""
    },
    {
      "CommandCode": "LayoutList",
      "CommandParameter": "",
      "KeyBinding": ""
    },
    {
      "CommandCode": "LayoutTiles",
      "CommandParameter": "",
      "KeyBinding": ""
    },
    {
      "CommandCode": "LayoutGrid",
      "CommandParameter": "",
      "KeyBinding": ""
    },
    {
      "CommandCode": "LayoutColumns",
      "CommandParameter": "",
      "KeyBinding": ""
    },
    {
      "CommandCode": "LayoutAdaptive",
      "CommandParameter": "",
      "KeyBinding": ""
    },
    {
      "CommandCode": "NavigateBack",
      "CommandParameter": "",
      "KeyBinding": "Back"
    },
    {
      "CommandCode": "NavigateBack",
      "CommandParameter": "",
      "KeyBinding": "Mouse4"
    },
    {
      "CommandCode": "NavigateBack",
      "CommandParameter": "",
      "KeyBinding": "GoBack"
    },
    {
      "CommandCode": "NavigateForward",
      "CommandParameter": "",
      "KeyBinding": "Mouse5"
    },
    {
      "CommandCode": "NavigateForward",
      "CommandParameter": "",
      "KeyBinding": "GoForward"
    },
    {
      "CommandCode": "NavigateUp",
      "CommandParameter": "",
      "KeyBinding": ""
    },
    {
      "CommandCode": "NewTab",
      "CommandParameter": "",
      "KeyBinding": ""
    },
    {
      "CommandCode": "DuplicateSelectedTab",
      "CommandParameter": "",
      "KeyBinding": "Ctrl\u002BT"
    },
    {
      "CommandCode": "ReopenClosedTab",
      "CommandParameter": "",
      "KeyBinding": ""
    },
    {
      "CommandCode": "PreviousTab",
      "CommandParameter": "",
      "KeyBinding": ""
    },
    {
      "CommandCode": "NextTab",
      "CommandParameter": "",
      "KeyBinding": ""
    },
    {
      "CommandCode": "CloseSelectedTab",
      "CommandParameter": "",
      "KeyBinding": "Ctrl\u002BF4"
    },
    {
      "CommandCode": "CloseAllTabs",
      "CommandParameter": "",
      "KeyBinding": ""
    },
    {
      "CommandCode": "CloseActivePane",
      "CommandParameter": "",
      "KeyBinding": ""
    },
    {
      "CommandCode": "FocusOtherPane",
      "CommandParameter": "",
      "KeyBinding": ""
    },
    {
      "CommandCode": "AddVerticalPane",
      "CommandParameter": "",
      "KeyBinding": ""
    },
    {
      "CommandCode": "AddHorizontalPane",
      "CommandParameter": "",
      "KeyBinding": ""
    },
    {
      "CommandCode": "OpenInNewWindow",
      "CommandParameter": "",
      "KeyBinding": ""
    },
    {
      "CommandCode": "NewWindow",
      "CommandParameter": "",
      "KeyBinding": ""
    },
    {
      "CommandCode": "AddItem",
      "CommandParameter": "",
      "KeyBinding": "Ctrl\u002BN"
    },
    {
      "CommandCode": "CompressIntoZip",
      "CommandParameter": "",
      "KeyBinding": "Ctrl\u002BShift\u002BZ"
    }
  ],
  "IsCloudDriveSectionExpanded": false,
  "ShowCompressionOptions": true,
  "ShowEditTagsMenu": false,
  "DefaultSortFilesFirst": false,
  "DefaultDirectoryGroupDirection": 0,
  "ShowFlattenOptions": false,
  "AppThemeFileAreaBackgroundColor": "",
  "AppThemeMode": "Default",
  "TagColumnWidth": 140,
  "AppThemeBackgroundImageOpacity": 1,
  "ShellPaneArrangementOption": 1,
  "AppThemeBackgroundImageVerticalAlignment": 1,
  "ShowToolbar": true,
  "ShowDrivesWidget": true,
  "OpenTabInExistingInstance": true,
  "SelectedTab": 1
}